{"status": "done", "result": {"metrics_table": "<table border=\"1\" class=\"dataframe table table-bordered\">\n  <thead>\n    <tr style=\"text-align: right;\">\n      <th></th>\n      <th>Accuracy</th>\n      <th>Precision</th>\n      <th>Recall</th>\n      <th>F1</th>\n      <th>ROC-AUC</th>\n    </tr>\n  </thead>\n  <tbody>\n    <tr>\n      <th>KNN</th>\n      <td>0.8045</td>\n      <td>0.8035</td>\n      <td>0.8045</td>\n      <td>0.8033</td>\n      <td>0.8627</td>\n    </tr>\n    <tr>\n      <th>SVM</th>\n      <td>0.8156</td>\n      <td>0.8150</td>\n      <td>0.8156</td>\n      <td>0.8140</td>\n      <td>0.8719</td>\n    </tr>\n  </tbody>\n</table>", "model_paths": {"KNN": "model_5a6a0ef6-2094-4f2d-b28f-8887f0fae370_KNN.pkl", "SVM": "model_5a6a0ef6-2094-4f2d-b28f-8887f0fae370_SVM.pkl"}, "best_model_name": "SVM", "results": {"KNN": {"Accuracy": 0.8044692737430168, "Precision": 0.8034756111025241, "Recall": 0.8044692737430168, "F1": 0.8033245174988711, "ROC-AUC": 0.8626769626769627}, "SVM": {"Accuracy": 0.8156424581005587, "Precision": 0.8150379387976319, "Recall": 0.8156424581005587, "F1": 0.8140397158008151, "ROC-AUC": 0.871943371943372}}}}